{
  "params": {
    "activation": "tanh",
    "alpha": 0.021259979622394374,
    "hidden_layer_sizes": [
      128,
      64
    ],
    "learning_rate_init": 0.0007914568503215461
  },
  "cv_score": 0.9240256580341548,
  "scoring": "roc_auc",
  "threshold": 0.4622720861914415
}