{
  "params": {
    "activation": "tanh",
    "alpha": 1.536960311060883e-05,
    "hidden_layer_sizes": [
      128,
      64
    ],
    "learning_rate_init": 0.0005404103854647331
  },
  "cv_score": 0.9243825653827266,
  "scoring": "roc_auc",
  "threshold": 0.531967215231114
}