{
  "params": {
    "activation": "tanh",
    "alpha": 3.7549955947138935e-05,
    "hidden_layer_sizes": [
      64,
      32
    ],
    "learning_rate_init": 0.00019665350600176499
  },
  "cv_score": 0.9256065563494005,
  "scoring": "roc_auc",
  "threshold": 0.7314436974799642
}