{
  "params": {
    "activation": "relu",
    "alpha": 0.06863801941740998,
    "hidden_layer_sizes": [
      128,
      64
    ],
    "learning_rate_init": 0.006913307884169086
  },
  "cv_score": 0.9297492117728512,
  "scoring": "roc_auc"
}