{
  "params": {
    "activation": "relu",
    "alpha": 0.00011957746304562952,
    "hidden_layer_sizes": [
      128,
      64
    ],
    "learning_rate_init": 0.007688106801474953
  },
  "cv_score": 0.8416716439642469,
  "scoring": "r2"
}